time,x,y
0.0,0.0,0.0
13.816188,13.657633061926726,-41.701486995292285
29.748658,13.657633061926726,-41.701486995292285
44.133692,9.991177055693386,-60.46686463398018
58.841318,-96.31527815718675,-112.524143835164
73.809649,-172.69765362091738,-222.6802965319723
89.277522,-138.39653899820556,-303.63717178838345
103.809512,-138.39653899820556,-303.63717178838345
118.783939,-124.80884534167684,-326.70222058572995
133.817728,-199.8480633837685,-389.9422266244557
150.169376,-285.2928111595198,-429.7810891228214
163.787134,-332.0731987393194,-451.06386151497645
179.1565,-341.01067173711806,-454.81790908386273
193.807066,-409.4637248441506,-460.1106157548148
209.319296,-514.0499700334441,-494.34425365300353
224.499033,-651.3026410901317,-555.903422487649
238.873007,-732.6056117928723,-562.363162108888
253.812461,-741.0037628306601,-522.1112629178812
269.365399,-797.1466248802238,-544.0619572047949
283.801677,-828.2199136450189,-547.8009862628057
298.821661,-811.8074556469428,-609.571079561298
314.295009,-776.1394401832325,-720.1302501677156
328.881406,-757.936617540887,-766.5234218029574
344.149148,-752.6097460989241,-811.0978758856123
362.552941,-738.9555608654281,-870.6102097052944
7088.155789,-809.1935497342785,-654.4598559366235
7103.505253,-800.2237331237575,-595.7170822952047
7119.274191,-750.1026365845535,-579.3347737817559
7133.091677,-600.3603065713704,-520.6081114558056
7148.558605,-600.3603065713704,-520.6081114558056
7164.167491,-600.3603065713704,-520.6081114558056
7178.085361,-274.06354091607955,-405.92787671840136
7193.098349,-187.02409391497872,-385.88304634134215
7208.259058,-106.60130438094878,-360.01942992134616
7223.08789,-93.49838569958688,-335.8082170026768
7238.705444,-93.49838569958688,-335.8082170026768
7253.459849,-93.49838569958688,-335.8082170026768
7268.451002,-86.57688939313928,-327.9556723380343
7284.178209,-86.57688939313928,-327.9556723380343
7298.407951,-86.57688939313928,-327.9556723380343
7313.090215,-93.27373526285685,-336.11723951297006
7328.42661,-99.26167291423424,-328.00533692339246
7343.419573,-112.8106069430878,-324.4632153302824
7359.008594,-112.8106069430878,-324.4632153302824
7373.303873,-112.8106069430878,-324.4632153302824
7388.398357,-184.2926915342384,-381.9851121514421
7403.147009,-208.0148211925246,-391.0671574600457
7418.135124,-373.519592836211,-432.0174756776343
7433.155979,-415.81249734673446,-389.41986398774566
7448.515807,-457.2073537339402,-348.77698883892435
7463.097202,-457.2073537339402,-348.77698883892435
7478.8274,-460.1895428445523,-349.7222509680763
7493.059655,-564.5182370713849,-224.3198783447324
7508.951301,-615.2074354052552,-219.9932942147092
7524.528463,-653.6846289378045,-137.94028849097498
7538.112405,-700.6183658308059,-131.63969712128826
7561.069146,-832.0671091498151,-202.4308946481677
7562.288592,-889.7479354274827,-239.87679956683849
7562.289286,-889.7479354274827,-239.87679956683849
7563.930827,-889.7479354274827,-239.87679956683849
12715.454975,74.83251639568279,-961.577627164394
12731.158684,23.965340813500816,-893.2442175489067
13000.751827,67.62810232252421,-852.9253696113785
13015.77656,67.62810232252421,-852.9253696113785
13030.554651,47.14256668046639,-855.3930965357652
13045.779061,47.14256668046639,-855.3930965357652
13061.685137,52.484957812067776,-849.277697881533
13075.491894,52.484957812067776,-849.277697881533
13090.819048,52.484957812067776,-849.277697881533
13105.813799,52.484957812067776,-849.277697881533
13120.929215,52.484957812067776,-849.277697881533
13137.441941,52.484957812067776,-849.277697881533
13150.818782,52.484957812067776,-849.277697881533
13165.825152,52.484957812067776,-849.277697881533
13180.489169,52.484957812067776,-849.277697881533
13195.807008,52.484957812067776,-849.277697881533
13210.804299,59.72033667483653,-854.1338756457603
13226.516433,61.227998513936576,-856.5277268719699
13240.804224,62.67319962430305,-857.4138896165738
13256.310894,62.67319962430305,-857.4138896165738
13270.811607,62.67319962430305,-857.4138896165738
13286.057557,62.67319962430305,-857.4138896165738
13301.185862,62.67319962430305,-857.4138896165738
13315.491799,58.77757886580084,-853.2971425263581
13330.807765,61.6815317579285,-856.3359491196314
13346.496425,63.161189434076114,-856.8683612837352
13360.810219,61.59036502772242,-852.1481328014335
13375.458407,58.73028185522499,-850.0503550458367
13390.800069,48.944206189783976,-844.0156325903364
13405.796232,47.237446330445465,-845.2415287129728
13421.493508,46.04289177948155,-850.5633050751486
13435.458934,45.543544165608935,-851.0188659917419
13450.808186,45.92194673400271,-851.8030906443626
13465.791981,47.42566364868799,-850.64783718605
13480.457167,48.33160454682413,-854.3809334548687
13495.490715,43.5098242064591,-852.7056763795125
13510.878618,46.77802528735188,-851.4439337856485
13525.801521,50.5503561211529,-854.5655395088487
13540.80117,55.69254982018149,-857.5923098516679
13555.860564,58.28401213399639,-857.9363337271553
13570.878339,9.681933521199165,-886.096466071007
13585.495715,-12.403383376177754,-878.6201898217968
13600.85497,-12.403383376177754,-878.6201898217968
13615.840928,-12.403383376177754,-878.6201898217968
13630.514536,-13.52962994733712,-834.7562007110391
13645.941403,-13.52962994733712,-834.7562007110391
13660.487737,-13.52962994733712,-834.7562007110391
13675.491891,-438.4561696391757,-380.5434442143324
13691.1099,-438.4561696391757,-380.5434442143324
13705.498428,-500.3799313303562,-319.8535074991885
13720.503422,-563.4420153535045,-241.8237326424345
13735.765839,-627.9724000334811,-196.88185452393185
13750.490284,-713.1734240349717,-84.26918135439377
13765.912312,-728.5350582373513,-61.105667535760496
13780.866243,-728.5350582373513,-61.105667535760496
13795.482136,-724.0546980322409,-54.43684071331273
13810.989992,-724.0546980322409,-54.43684071331273
13825.498884,-732.4976364949121,-53.1662640116041
13840.460499,-732.4976364949121,-53.1662640116041
13855.838513,-742.78968820357,-52.41088023563312
13870.862891,-742.78968820357,-52.41088023563312
13886.564896,-742.78968820357,-52.41088023563312
13900.882438,-733.3792498321578,-50.45365887199086
13915.708396,-725.0516378330506,-52.0305941661543
13931.713254,-725.0516378330506,-52.0305941661543
13945.489095,-721.5980117738761,-44.20479819245925
13971.434816,-720.9234703555229,-52.57600332115157
13971.435438,-720.9234703555229,-52.57600332115157
13972.532135,-720.9234703555229,-52.57600332115157
13972.53279,-720.9234703555229,-52.57600332115157
13974.126161,-720.9234703555229,-52.57600332115157
13989.484581,-720.9234703555229,-52.57600332115157
14005.153095,-720.9234703555229,-52.57600332115157
14019.514128,-720.9234703555229,-52.57600332115157
14034.118373,-720.9234703555229,-52.57600332115157
14049.475676,-725.6272131942015,-44.73010015245206
14064.594865,-732.4861528564068,-43.15443150967678
14079.686378,-791.5736289867593,-45.86597463707083
14094.208641,-791.5736289867593,-45.86597463707083
14109.119888,-762.2648054141326,-141.13540243724933
14124.538866,-748.2819574755657,-160.10750707584256
14140.177756,-839.3969625090406,-220.38072828501984
14154.111295,-839.3969625090406,-220.38072828501984
14169.428674,-839.3969625090406,-220.38072828501984
14185.858971,-839.3969625090406,-220.38072828501984
18824.522151,-680.4944591603814,-95.4256378141687
18839.523369,-735.3542291070587,-40.91283350125632
20321.121795,-779.6002255191098,-699.007342189551
20335.860664,-779.6002255191098,-699.007342189551
20350.876381,-732.1157509623358,-575.1325936095229
20365.873811,-440.1866524116591,-481.0118636507884
20381.236749,-361.8253345196081,-453.5134902490377
20395.857567,-95.77768717159044,-361.4652102794301
20412.246252,-95.77768717159044,-361.4652102794301
20426.225707,-95.77768717159044,-361.4652102794301
20561.231258,-2.464242938840246,-62.50509496335856
20575.856935,-2.464242938840246,-62.50509496335856
20591.97489,-152.0153052904909,-350.69129047677524
20606.199948,-156.07028996697784,-354.5714251872248
20621.973582,-165.93346142678894,-366.9145915403526
20636.228698,-182.7974229490546,-381.80267695000697
20714.510687,-352.82889566459033,-284.3676599631682
20714.511432,-352.82889566459033,-284.3676599631682
20716.272202,-352.82889566459033,-284.3676599631682
20731.619319,-183.52050097969595,-385.8628180499528
20746.845285,-175.3801948891451,-366.75099664552994
20761.766726,-175.3801948891451,-366.75099664552994
20776.646665,-182.72260323365563,-371.1088778224896
20792.379984,-176.15782663280322,-371.59236368057583
20806.297451,-176.15782663280322,-371.59236368057583
20821.633149,-176.15782663280322,-371.59236368057583
20837.430473,-176.15782663280322,-371.59236368057583
71450.405363,-357.9181559807152,-80.92703467315661
71465.769903,-349.943419688379,-137.6949671946362
71480.333868,-352.70091406453224,-177.46414035214158
71495.497858,-350.64572125985774,-241.9876942724828
71510.844643,-350.64572125985774,-241.9876942724828
71525.765192,-294.4638172294341,-358.3604183355991
71541.485202,-307.99630163841925,-407.5450218692739
71555.823797,-365.4648052752125,-428.0800461798164
71573.474838,-395.05025790594425,-428.6731892013892
71587.025621,-399.2154107051888,-429.3356049570952
71600.772484,-394.35629839404737,-438.6698284372979
71615.297384,-384.941868533704,-433.6806797826779
71630.332456,-384.941868533704,-433.6806797826779
71645.706147,-360.68740857252266,-293.99703137365134
71660.305547,-429.1774861574388,-172.36003365494844
71676.922716,-514.7389893373212,-109.7496495758128
71690.388832,-530.4489896780669,-108.47706531343982
71705.486081,-532.1652955271421,-116.3591141788266
71720.743056,-532.1652955271421,-116.3591141788266
71735.326405,-532.1652955271421,-116.3591141788266
71750.358528,-532.1652955271421,-116.3591141788266
71765.792757,-532.1652955271421,-116.3591141788266
71781.524968,-532.1652955271421,-116.3591141788266
71795.758169,-532.1652955271421,-116.3591141788266
71810.775653,-532.1652955271421,-116.3591141788266
71825.749923,-532.1652955271421,-116.3591141788266
71840.764817,-532.1652955271421,-116.3591141788266
71857.23227,-532.1652955271421,-116.3591141788266
71871.443424,-532.1652955271421,-116.3591141788266
71885.869914,-532.1652955271421,-116.3591141788266
71901.393232,-532.1652955271421,-116.3591141788266
71915.851324,-540.7652448278442,-116.068783044875
71930.85688,-540.7652448278442,-116.068783044875
71947.382365,-540.7652448278442,-116.068783044875
71960.756173,-540.7652448278442,-116.068783044875
71975.75261,-551.643956657971,-117.33995456465388
71991.441635,-553.114943897497,-118.48837295115558
72005.757949,-553.1811490089071,-127.89513912063782
72020.763958,-554.7610158765908,-128.33063029877536
72036.490938,-550.5963751699946,-122.56175661612058
72050.773318,-547.6562635643382,-110.48939406858578
72066.483285,-541.2911760511681,-111.57853900673696
72080.949133,-540.0901865470556,-111.89824422431164
72095.759178,-536.8726245083142,-110.73245314865925
72111.451268,-534.1806317300741,-107.66902426981456
72125.770245,-533.9297465866979,-105.36164891578348
72140.772766,-530.3331043191679,-107.0909256327567
72156.575989,-534.8729660065417,-109.83953961880891
72170.76203,-533.901510767688,-107.886349115449
72185.777949,-533.7298273739606,-107.1706688191986
72201.531368,-540.2816223585428,-107.39765434987996
72216.184376,-543.3178145419572,-116.68605666398784
72231.547259,-541.116164641824,-115.00581921100958
72247.788115,-543.5937899843707,-113.69297569760484
72260.418778,-537.4877427228704,-103.03378659018028
72275.347191,-534.7229575854807,-98.90074486343224
72292.195112,-538.005531897336,-94.97185410851786
72305.746241,-545.3443363250916,-108.76723829660374
72320.964921,-547.3599897193674,-117.44680242919053
72335.349571,-542.9347536861331,-113.84843577316636
72350.937635,-543.7248896075656,-115.8267060827984
72366.518173,-546.5087622215301,-112.59699237056844
72380.830423,-544.9120164013639,-104.9166652874822
72395.326624,-542.4004987980453,-106.9462908452324
72410.496528,-544.5479209465648,-113.44823689609724
72425.714836,-542.3068448015318,-115.70563526240798
72446.986993,-536.687654300349,-113.85049762572557
72455.384807,-527.0738083190452,-146.48293709984745
72470.386898,-485.61716009191815,-190.88781872230564
72485.70345,-477.97008096905233,-192.9073070924156
72500.671719,-420.73164617811454,-277.8643568800675
72517.841268,-357.3597287803583,-299.4394818462853
72531.35303,-346.24766820342137,-242.58808426814304
72545.760283,-457.8551435258877,-157.13186014448047
72560.29879,-492.86055902293873,-139.39263355467534
72575.802197,-492.86055902293873,-139.39263355467534
72592.91928,-523.5870046296909,-114.79117611968556
72607.034013,-495.19726426557946,-172.49768512062315
72620.741518,-426.7583088973692,-262.65361250531515
72635.8734,-370.71497403835593,-313.243290271774
72652.421324,-350.03768856111816,-275.8627986524785
72665.708496,-284.79440156217004,-276.3467936002215
72680.70569,-195.6048357260727,-352.92976756278216
72695.731114,-192.6204434915826,-357.5329142432091
72710.730811,-192.6204434915826,-357.5329142432091
72726.429187,-192.6204434915826,-357.5329142432091
72740.741885,-192.6204434915826,-357.5329142432091
72755.656192,-192.6204434915826,-357.5329142432091
72771.507071,-119.83638136735355,-433.67005732519993
72785.325766,8.294314197899624,-528.2404028615579
72800.716852,8.294314197899624,-528.2404028615579
72817.874379,31.50795902852533,-550.3205340925168
72830.376397,31.50795902852533,-550.3205340925168
84012.597667,133.9557948629072,-801.4311070270444
84026.061157,-0.3960307692870207,-903.647050519308
84041.067799,-81.06611239140639,-989.0054369209024
137225.564438,15.277093155684884,-901.5701915170145
137240.97293,174.41245505882026,-770.8761264914087
142958.299122,46.40575891786532,-103.73755173501408
142972.829735,124.32376617658512,-155.7919371668744
142987.653979,166.62147457020805,-170.99755303066144
143617.95503,109.8870605069249,-787.791767046598
143633.146485,46.52514700506689,-850.7199220451236
143647.632215,30.93737309296012,-870.9203260636277
143663.02359,28.369698568328538,-871.7519782351195
143677.878266,12.167067917153627,-887.7522292974583
143692.667008,-81.90018567118511,-973.4169197103856
238690.817986,158.2030269527781,-770.9820410237037
238705.810614,146.3197918114246,-788.67084143649
238720.949142,63.74214364857129,-858.2174067491317
238735.867383,-37.40874354144737,-947.8322439646848
403827.188962,54.600523362914736,-118.09039989260084
403827.192647,-49.904732097784375,-223.077910563496
403832.961009,-49.904732097784375,-223.077910563496
403840.963686,-49.904732097784375,-223.077910563496
403850.965399,-49.904732097784375,-223.077910563496
403862.4555,-191.0295836023993,-231.8662715705045
403870.903604,-191.0295836023993,-231.8662715705045
403881.273656,-182.4977365818388,-221.7603897005071
403891.347319,-182.1886713279096,-218.955163496453
403900.911203,-183.20418265729657,-223.0000791200804
403913.341158,-183.73908168585456,-225.3483852475543
403921.302255,-171.89351440199738,-236.4377972332208
403931.312632,-133.07990522273295,-291.2772201479648
403943.612154,-145.79002984844934,-358.56363893813136
403950.98778,-211.7935634657053,-408.4866578078912
403960.898661,-291.31285446425494,-427.75146131998736
403971.596114,-360.77356357350624,-443.26961998446353
403982.517894,-393.4874218860734,-438.4494024018597
403991.246146,-393.4874218860734,-438.4494024018597
404002.245038,-368.8768660073708,-281.9148934419387
404012.126137,-394.5765343213403,-236.47449893458028
404020.863961,-394.5765343213403,-236.47449893458028
404031.594336,-394.5765343213403,-236.47449893458028
404040.966511,-394.5765343213403,-236.47449893458028
404051.004962,-394.5765343213403,-236.47449893458028
404060.915723,-537.035380188859,-100.79134737211278
404071.945647,-557.0682167657103,-104.67223629396705
404082.311779,-555.7147304053293,-105.05529921705477
404101.859876,-552.3642376147191,-103.6052357713099
404102.022922,-550.8225057331346,-111.6643282235588
404112.766131,-548.3641412858208,-117.56669740003063
404122.392509,-548.3641412858208,-117.56669740003063
404130.901821,-548.3641412858208,-117.56669740003063
404140.900903,-548.3641412858208,-117.56669740003063
404150.899033,-548.3641412858208,-117.56669740003063
404160.943368,-548.3641412858208,-117.56669740003063
404170.920551,-548.3641412858208,-117.56669740003063
404183.372466,-548.3641412858208,-117.56669740003063
404192.530827,-541.1643729519876,-119.1989504225227
404200.899731,-541.1643729519876,-119.1989504225227
404211.525993,-541.1643729519876,-119.1989504225227
404220.90894,-541.1643729519876,-119.1989504225227
404233.079392,-541.1643729519876,-119.1989504225227
404242.614421,-541.1643729519876,-119.1989504225227
404251.3113,-541.1643729519876,-119.1989504225227
404260.929257,-541.1643729519876,-119.1989504225227
404270.960825,-541.1643729519876,-119.1989504225227
404282.460401,-541.1643729519876,-119.1989504225227
404293.86956,-541.1643729519876,-119.1989504225227
404300.866398,-541.1643729519876,-119.1989504225227
404310.875449,-541.1643729519876,-119.1989504225227
404321.157768,-541.1643729519876,-119.1989504225227
404330.899481,-541.1643729519876,-119.1989504225227
404343.286248,-541.1643729519876,-119.1989504225227
404351.329871,-538.8438786180111,-117.51755022456332
404361.513736,-538.8438786180111,-117.51755022456332
404370.956048,-538.8438786180111,-117.51755022456332
404381.25555,-537.5053667086343,-114.46304898972387
404394.856393,-538.3661015079228,-112.87245536016556
404400.961613,-541.6536156210884,-111.60871992017712
404413.554289,-545.2959388652022,-111.14874331669309
404421.491583,-544.7804442394532,-112.23975680958976
404430.909478,-544.3545807758135,-118.2696553945108
404444.64553,-544.1208914526443,-118.15306198662618
404451.198334,-545.5484618222104,-112.76131499500543
404460.966177,-546.526762200585,-113.8314061971614
404471.405434,-546.362318998145,-116.4482239874556
404482.663161,-546.362298238715,-116.44821154746752
404490.875775,-546.362298238715,-116.44821154746752
404500.918462,-544.2950077998215,-116.97206729700176
404517.124857,-543.8239290943895,-119.916962563108
404521.418017,-538.1549857293036,-121.28170648873044
404532.227846,-546.5422350868502,-115.21432573630108
404540.996598,-549.1454137138769,-111.23188431226468
404569.288504,-548.4825134879395,-107.34071907656435
404569.289163,-548.4825134879395,-107.34071907656435
404571.035365,-549.3102386013903,-108.59541644942864
404582.094974,-548.4266277439683,-109.68038414998313
404593.32271,-542.5440364048668,-111.7451815914101
404602.805576,-534.6827201292598,-115.1360342881258
404602.806504,-534.6827201292598,-115.1360342881258
404608.532294,-534.9961492299104,-114.91464525089532
404618.470715,-535.394132921398,-116.433439054926
404628.902048,-537.9424963429061,-114.3437832479474
404639.695838,-539.6426948235153,-115.14607979071565
404650.229556,-542.5499882744758,-116.16633518363848
404659.541943,-540.4349258554522,-115.90737798058193
404668.927636,-543.7803668584261,-115.98608519136933
404679.039732,-546.390931158868,-116.50447387088548
404688.533572,-550.1159467091582,-113.78272786543836
404698.982364,-552.5042632251924,-113.83345023418464
404709.143666,-550.5420947896603,-123.60413614343956
404718.925261,-548.141530327572,-126.9541483477302
404728.942947,-545.3393235257241,-126.4525048857091
404739.651054,-547.8569391526825,-127.2385759165578
404751.001567,-546.05633146852,-125.11804460293466
404760.300136,-544.7413496975166,-125.19130596835323
404768.850454,-544.011907761884,-125.20827406630794
404778.911206,-543.486453109635,-125.45880099634635
404788.863054,-542.2733857509228,-121.78025799068924
404798.849626,-543.5006053817813,-119.05557126935554
404808.891758,-540.6751169576462,-118.6709214870138
404818.487559,-540.2061383908082,-121.68198433323128
404830.154136,-539.4036035983655,-119.74927555409715
404839.6257,-534.2735628799971,-119.44555760065111
404849.738116,-534.4048484421006,-117.88861213575706
404859.875007,-535.3546098819818,-117.1413616993586
404868.516527,-539.1568391792829,-116.41721411341857
404879.405223,-539.5229029561272,-119.48806526891325
404888.537818,-539.7333641070151,-119.18797177662954
404899.138011,-543.8935277770044,-118.38707904837152
404908.538761,-543.6843750351377,-120.50762236838432
404923.657451,-542.2868165204965,-119.99282535504408
404930.028968,-540.1390224609921,-120.63257994573884
404938.441546,-547.4532350983742,-120.0707410928211
404949.902755,-549.3964415017192,-119.3630911987196
404959.391249,-549.3964415017192,-119.3630911987196
404969.636299,-549.3964415017192,-119.3630911987196
404979.795271,-540.790194490409,-116.7306781341261
404991.25907,-542.5763798969184,-109.9524823077482
404998.731529,-541.6247720199143,-102.2356900105774
405008.537204,-541.6247720199143,-102.2356900105774
405019.685699,-537.861028013996,-90.36356487412114
405028.547647,-538.7831562477265,-87.35274718015653
405038.52711,-539.5187517314664,-85.44372394233979
405049.559296,-539.5187517398673,-85.44372394233979
405058.560891,-540.6760496556195,-85.28680835787551
405068.499599,-540.7291645617647,-85.26759176014409
405078.569285,-546.4097125956745,-91.72170507572471
405088.539859,-550.8702775390308,-96.39594405759117
405101.69269,-551.9619861986134,-101.4221558631369
405110.724349,-553.2169581575673,-104.66884592652588
405119.573344,-553.1220110104027,-104.94644287942944
405125.33181,-553.8592982476358,-104.05981050919708
405125.332492,-553.8592982476358,-104.05981050919708
405127.118694,-554.5710211618917,-103.19878825130225
405139.157179,-553.8204267909408,-98.08473319688896
405147.578561,-550.4825026805051,-93.22562084557326
405157.52332,-548.7682365917848,-92.7359671224526
405169.051261,-548.5194597678678,-92.44862240031831
405180.013064,-550.6032097721269,-97.3206582662676
405187.661647,-552.0588513288909,-98.06230004993756
405197.111807,-554.8204299871564,-96.13926657723027
405208.194854,-557.6913682036947,-100.17482502338994
405217.50954,-555.9065895035741,-101.27616838041727
405228.361614,-553.9324548263779,-97.65849131783015
405237.109286,-552.5074123378581,-92.1917400481777
405247.097761,-550.7550251524743,-93.85105074401964
405257.876334,-547.5629178396858,-94.29260297077376
405268.257322,-551.3288461670202,-97.44854692216909
405281.39486,-553.9744069277932,-100.05319859984252
405297.324646,-554.1648720735777,-98.67841292294798
405297.636266,-551.1410179183645,-102.2359101320412
405307.245794,-552.5116113207038,-104.10008799682215
405317.09974,-552.3734190293571,-103.9968580280374
405333.541486,-549.0075700600947,-99.40257031498513
405337.100023,-546.2239060527004,-96.48500116585672
405351.737763,-546.9965477555073,-95.93880859387868
405357.286631,-550.7217717962023,-98.87209272653789
405369.502697,-551.9790044103574,-100.2820573527748
405380.985524,-552.0535468768508,-103.4639868302909
405388.309549,-553.3093080845689,-103.46524527078772
405397.491365,-557.082962275007,-103.68019816578052
405409.076021,-558.0229672669265,-107.12755972080708
405417.109293,-556.6219295544284,-110.4667723224234
405427.159374,-554.7863010172905,-112.97189589048156
405437.858922,-556.6522199692206,-113.06468244229296
405448.053122,-556.7155374521809,-111.33605749867704
405458.34081,-556.591163290613,-111.93861054702327
405468.52497,-556.6984747843062,-112.3031301509005
405478.185166,-556.6984747843062,-112.3031301509005
405487.470717,-556.6984747843062,-112.3031301509005
405497.101828,-556.6984747843062,-112.3031301509005
405507.150645,-556.6984747843062,-112.3031301509005
405517.18266,-556.6984747843062,-112.3031301509005
405527.100671,-556.6984747843062,-112.3031301509005
405540.580956,-556.0920974147874,-112.13270017411187
405547.151968,-556.0920974147874,-112.13270017411187
405557.281573,-556.0920974147874,-112.13270017411187
405567.153584,-556.0920974147874,-112.13270017411187
405578.290901,-555.8583523940329,-113.18035307905866
405587.560691,-555.7764711580755,-113.56941361043648
405598.609591,-556.2245248622582,-112.49076667234424
405607.124841,-557.0110244047977,-112.8683035870573
405617.102771,-556.0312449702071,-108.76962019058892
405627.154748,-555.3481796528064,-106.04982484466144
405637.102689,-553.4616131203968,-104.11621183000004
405647.596162,-554.1328995882812,-104.50518857520588
405657.465939,-558.2632608385974,-108.36387362320713
405668.086456,-559.0942265407432,-110.14778392798328
405677.469212,-556.9329186077309,-109.31337533149744
405687.542661,-553.8182497378074,-112.5104816344528
405698.371322,-553.606639997368,-112.59111887845005
405709.442957,-551.77469895662,-112.45898053249726
405717.574608,-553.8605518541177,-113.2452299064466
405727.317413,-549.3768009957813,-108.1832614261955
405737.156648,-548.2617559777266,-105.06741766828178
405747.154047,-550.217945204738,-110.25000121295106
405757.55834,-549.325466755274,-113.01478853273048
405767.534769,-547.5234354396737,-108.69614818724018
405777.593211,-545.1647644017942,-105.93986504501048
405788.229834,-544.9700567297945,-102.39586969420606
405797.10251,-542.5355725267698,-100.71517973060624
405809.946165,-546.9492789636411,-97.39242546822588
405817.552248,-546.8600882137588,-95.06387613676615
405827.736786,-548.318472514231,-96.33961302297354
405837.486455,-550.9153234776115,-98.63059793827786
405847.107403,-553.321474328657,-102.6330271837172
405857.105563,-553.4953702622693,-107.69012055945495
405867.495933,-552.1710282731857,-111.10066028328872
405877.443416,-553.4148912511516,-109.75453795344144
405887.25466,-553.824904839774,-109.46901097872814
405908.128325,-552.9228443897238,-98.13714333158434
405908.481497,-552.7869304013742,-98.94511294674392
405910.626408,-553.0237559600197,-100.44352442112915
405910.626956,-553.0237559600197,-100.44352442112915
405912.338615,-553.0237559600197,-100.44352442112915
405923.907864,-552.5438880953217,-101.98187738782066
405932.723914,-554.1404793979408,-103.73096527365844
405942.776187,-555.0508149496894,-104.64182047522252
405952.975077,-552.2353299793641,-104.67923625091176
405962.76719,-554.415618804086,-108.59401693852288
405973.411155,-555.2014390434061,-111.39798086907872
405982.390955,-553.1568464235953,-111.55586857814468
405993.587785,-553.2443096510962,-107.53094858566917
406004.41604,-551.3636890391637,-104.92742497926814
406012.351404,-553.8429515066906,-107.98355862290266
406022.79101,-558.353614440803,-111.54141958145873
406035.91718,-557.063914242758,-111.89219752652684
406042.334008,-556.6575094283392,-111.15883215871185
406056.632833,-556.4996729057086,-112.46109066780568
406074.061834,-555.5740106063004,-115.78947524194002
406074.062632,-555.5740106063004,-115.78947524194002
406077.714682,-555.6795829698724,-115.44497715582004
406086.026824,-554.5091322554974,-117.06713007849412
406097.024925,-556.0314895211793,-117.03045743978024
406106.026548,-555.8628590015626,-116.40231236741374
406116.025744,-555.7643487394507,-119.8527254749262
406126.027027,-554.8865641080956,-119.13252067405394
406138.321409,-555.1817347323989,-119.76646628269592
406147.430958,-555.4795717502037,-119.35116628922174
406156.026421,-556.8832057109798,-121.45899669020844
406166.03652,-558.899534766039,-122.13798009546989
406176.823401,-557.3501640157638,-123.07307035001207
406186.565978,-555.9921374277486,-121.64123123879344
406197.427959,-555.517615334982,-121.66755254113134
406207.063285,-554.3006430441194,-121.72373039503596
406217.169719,-555.1145210043732,-121.65395916099968
406226.025636,-556.1840330490057,-122.07336486542646
406236.088779,-556.2175739673768,-121.5423338817034
406246.025383,-557.3260613333722,-123.31979120682396
406256.035918,-558.4833415263897,-122.71825086567908
406266.026141,-558.4427500229206,-121.0989765284639
406277.829269,-556.1714442730673,-120.43600950428912
406286.026986,-555.0020301378518,-116.75566437955412
406297.558938,-555.4985502107282,-114.2004334155558
406307.086841,-557.7331619293035,-115.03686278305312
406317.517758,-556.7753716220358,-116.30805293151604
406326.936858,-554.7781485804595,-117.15606367294576
406337.407966,-552.7812502963588,-116.6011113027614
406345.993081,-552.1809197985759,-117.30460933890838
406356.081376,-556.9154185063165,-120.19422959276866
406366.053526,-557.1486078687105,-120.67623543712588
406379.226892,-557.0541344384735,-120.02124152093366
406386.062447,-557.2272334401921,-120.35220901232016
406396.032469,-553.8576705896833,-113.29730154906584
406408.726178,-553.1306060746845,-109.72566386251852
406416.033318,-553.3325398825672,-107.69672411292504
406426.324641,-551.8081177245016,-104.29974844038172
406437.079504,-550.3096939458716,-102.1439529828444
406446.430947,-549.8169425412232,-102.01982732997963
406456.294365,-550.594172495288,-103.63525232230958
406466.574756,-548.427626047488,-104.33996458257631
406476.113963,-548.8355079683876,-106.02429851360117
406488.696255,-551.2577678555599,-110.16865508741162
406496.529695,-552.0418474130767,-110.8702617829401
406506.572912,-550.4342150497175,-112.23356691817874
406516.560229,-549.5695973471393,-108.89317093820802
406527.118734,-551.0788647811999,-107.61203354860103
406536.017454,-551.3115477524943,-106.88996637636836
406546.053226,-551.5607844037512,-109.20459886681762
406556.429217,-550.9870103842221,-111.6356311472598
406566.110744,-551.7419354884057,-108.80644071163182
406576.026963,-553.3329860446479,-107.95405236771764
406586.012059,-556.1160788012378,-107.56515711660508
406596.030168,-556.2043746382544,-104.40351744009966
406606.435083,-553.10307040146,-101.91468771981674
406616.463512,-551.4859856801133,-103.44960084524298
406626.878717,-553.120119428687,-105.1423395988948
406636.502928,-553.2908781145653,-105.73633008676303
406646.45502,-555.8895968800942,-104.36138797988052
406663.650432,-556.6832100731922,-104.87248913727863
406666.045018,-553.6972943293583,-100.078307102362
406676.121008,-552.5779686845883,-100.30384325381672
406686.094995,-551.5445577970452,-100.70215743418797
406696.085181,-552.5188743871528,-98.37685663373748
406707.397097,-557.2545021944587,-91.48520181320036
406716.048726,-557.9476210234587,-91.62917716233568
406726.039333,-558.5584974086112,-93.40757631327124
406736.463378,-557.408907319213,-96.00431614280848
406747.051095,-556.6937905266097,-98.88759717971983
406758.993629,-556.8078565303881,-100.51068195782072
406766.344389,-555.350341165329,-100.33998199678445
406777.339615,-555.3960095884958,-99.13564910393733
406786.081191,-555.9700432836518,-98.46779410232844
406796.639037,-556.3262865740244,-100.4286045368118
406806.031394,-556.6290864839625,-101.29965750746696
406816.438224,-555.3384209314657,-102.0301754345412
406826.543432,-555.681236299362,-100.91287272110588
406836.05121,-554.2960851934436,-101.26828311759212
406847.105872,-555.7994169122059,-99.98529213206882
406857.170704,-558.1472171621191,-101.89156771703942
406867.342997,-556.1122117536443,-104.88373606625102
406876.465138,-557.7190708735258,-105.74981843655274
406888.030845,-558.2642313798982,-106.16579931958644
406896.462751,-558.5864127341514,-105.22772457203482
406906.515554,-557.0773098076688,-103.93329697518575
406916.036651,-555.2126668312662,-102.34333209365458
406926.496302,-554.5281375821288,-102.15673548690684
406936.468538,-556.4719091273965,-100.11128166402608
406946.51792,-558.2817449474544,-99.95482536304904
406957.468435,-559.1045532011759,-99.75772239459891
406966.02791,-557.0193655351934,-103.36202091111495
406978.591814,-556.1005371896899,-107.04952152454428
406986.440374,-558.5078780578743,-111.04281717752554
406996.558898,-557.3164840040542,-110.34935339831772
407006.507753,-555.4396977086978,-108.1725903251263
407016.437531,-552.075498940668,-105.2333761311896
407027.084834,-553.1338454271262,-104.91741810840531
407036.026546,-552.0282175288082,-104.14682030336256
407046.018937,-550.7077270633566,-104.631555196029
407056.471128,-550.9371997887438,-101.85351491358392
407068.155257,-551.054209094566,-99.2165698050227
407076.872641,-550.6218693571959,-102.99289478846497
407086.256036,-551.0835210691573,-105.78422345544767
407098.848396,-550.9657937205199,-105.63821608060005
407109.205366,-550.3364873156786,-105.09110615598884
407116.117278,-551.0792141652795,-105.72152939292204
407126.230104,-556.3502795515619,-108.44512948195418
407136.033386,-556.9970103049712,-110.51685484271924
407146.614901,-554.6079197748671,-111.9581164038179
407156.05373,-556.9216495497999,-111.68955792790769
407166.409751,-555.3515092531294,-110.19553112624976
407177.217082,-553.0760350704381,-107.9422372075361
407187.292872,-550.8883553038245,-106.21308954689265
407197.482956,-549.117979099797,-101.19959332886272
407207.097251,-549.2827001900133,-98.64482324850913
407217.878859,-550.73053281993,-99.90777375924516
407226.41777,-549.7323143215481,-101.35002439276326
407236.422151,-550.6294623261382,-102.91516346087124
407246.458362,-551.478350329362,-104.31796393601655
407256.436284,-552.4829011375936,-105.1707543436332
407266.437488,-552.5516349928205,-105.93357439147309
407276.061329,-552.2109559556735,-103.0432347507429
407286.031198,-551.1845482434649,-102.5086301157146
407296.042285,-551.6405707365851,-105.28131266188478
407306.457596,-551.3724998373281,-105.234438098251
407317.508121,-551.141706257287,-104.3517621929981
407326.491031,-551.4733699303279,-103.25850257740994
407335.992372,-550.4829234864566,-101.46867498902516
407346.519759,-550.7416805071947,-100.92155447751868
407356.030831,-553.1841303202343,-105.44062991842736
407366.021395,-556.3516094501648,-113.11184356015212
407379.793331,-555.463611755449,-114.6404926509878
407389.693689,-554.2060356979453,-112.79672234232126
407397.359845,-553.2575677654415,-113.15555609980706
407406.137346,-554.741266097347,-111.18240347699572
407428.237176,-572.3376279534468,-80.29149479400327
407428.352019,-598.4825564049121,6.369926242153079
411889.792841,-360.7182832052926,-46.99107125572684
411896.686213,-328.6973697374391,-72.14216801007947
411903.729334,-328.6973697374391,-72.14216801007947
411914.101746,-328.6973697374391,-72.14216801007947
411924.282423,-328.6973697374391,-72.14216801007947
411933.774036,-224.91294495553535,-12.297374571975574
411945.09653,-196.1842443330884,3.965339671350163
412094.14969,3.020914000075672,-16.74581685023279
412103.712575,30.716360976467456,-96.2893772244445
412113.679644,41.01472017571693,-100.98484400539512
412124.432565,41.583227595061,-101.5967143243261
412133.732088,42.16270136772579,-100.86277297272429
412146.55698,45.28291813127065,-103.74431081008947
412153.800818,45.28291813127065,-103.74431081008947
412163.715543,45.28291813127065,-103.74431081008947
412173.694796,55.69387818389937,-111.3482669510973
412183.711483,60.0249046638088,-125.30731399414918
412197.194538,60.0249046638088,-125.30731399414918
412203.709788,60.0249046638088,-125.30731399414918
412214.806091,60.0249046638088,-125.30731399414918
412224.045033,-77.63327526578225,-254.5291176224327
412234.614047,-103.61870231201252,-245.045564546484
412244.142165,-103.61870231201252,-245.045564546484
412253.70642,-116.03464124190522,-263.71325749962006
412264.108424,-122.70913826180508,-273.00102144618063
412274.093929,-122.70913826180508,-273.00102144618063
412283.777158,-141.54158977036928,-400.078073652278
412295.922605,-109.18196195307296,-420.0141446858666
412303.793047,-23.929400893375124,-485.35664832722057
412313.785207,-23.929400893375124,-485.35664832722057
412326.82511,-23.929400893375124,-485.35664832722057
412334.03045,30.30706806047081,-523.6556154406829
412357.018626,30.30706806047081,-523.6556154406829
412357.022279,22.25780936999153,-538.7948671496921
412358.731333,22.25780936999153,-538.7948671496921
412358.7319,22.25780936999153,-538.7948671496921
412368.119157,22.25780936999153,-538.7948671496921
412368.119692,22.25780936999153,-538.7948671496921
412372.777977,180.29914221797472,-641.6257242927962
704950.450738,-487.8877216635738,-493.6037735713213
704964.119741,-403.24002793498056,-460.603260436239
704970.44907,-389.3068409552489,-440.1461106442495
704980.447233,-388.6013908851656,-421.1255339526509
704990.373376,-388.6013908851656,-421.1255339526509
705000.400695,-388.6013908851656,-421.1255339526509
705010.789144,-388.6013908851656,-421.1255339526509
705020.7634,-388.6013908851656,-421.1255339526509
705031.018979,-388.6013908851656,-421.1255339526509
705040.349741,-388.6013908851656,-421.1255339526509
705050.383828,-388.6013908851656,-421.1255339526509
705060.381516,-388.6013908851656,-421.1255339526509
705070.451479,-675.2446150435599,-128.7815958307854
705080.950421,-675.2446150435599,-128.7815958307854
705090.449675,-675.2446150435599,-128.7815958307854
705100.395105,-675.2446150435599,-128.7815958307854
705110.60796,-675.2446150435599,-128.7815958307854
705120.448087,-675.2446150435599,-128.7815958307854
705130.447033,-675.2446150435599,-128.7815958307854
705140.951626,-675.2446150435599,-128.7815958307854
705150.85536,-675.2446150435599,-128.7815958307854
705161.472779,-675.2446150435599,-128.7815958307854
705170.447602,-675.2446150435599,-128.7815958307854
716719.169887,11.96835026273484,-25.36155546126032
716728.097074,-74.72291137341196,-108.53165410258114
716739.969466,-188.41010944271665,-175.63405788342234
716750.504867,-132.84259201614142,-339.46911444248843
716758.095402,-217.0920370026388,-410.13061372280407
716768.045367,-352.72877831289725,-462.9989481317146
716778.094059,-382.0895168852072,-441.8345636132012
716788.093997,-364.14152877093767,-263.00661629392573
716798.095326,-409.43564764147374,-213.00652830914785
716809.942,-513.8303545080739,-111.72252082615432
716818.32179,-559.2508405297111,-93.60549485914278
716868.036285,-700.6468218477349,-43.17990719458638
716878.031054,-723.9256936109971,-44.91125187552351
716888.032619,-770.5515547333141,-104.5702264339648
716898.427076,-754.794228271207,-135.6586766706191
716908.032538,-738.1368269968806,-162.12877474257564
716920.206428,-738.1368269968806,-162.12877474257564
716929.257806,-841.4522142203729,-308.02449321272894
716938.985771,-841.4522142203729,-308.02449321272894
716949.192502,-841.4522142203729,-308.02449321272894
716959.134165,-841.4522142203729,-308.02449321272894
716968.036461,-644.325185567221,-339.92662164079223
716978.001496,-646.2322730807816,-350.1061793797978
716988.03572,-646.2322730807816,-350.1061793797978
716998.035635,-638.7106325212837,-341.996255983544
717008.422449,-632.5159107347725,-334.09253299601727
717018.42662,-632.5159107347725,-334.09253299601727
717028.472666,-632.5159107347725,-334.09253299601727
717039.108018,-624.035824949642,-337.2398133526148
717049.153552,-624.035824949642,-337.2398133526148
717058.037741,-630.3402762652449,-345.5889057220897
717068.406268,-630.3402762652449,-345.5889057220897
717078.41042,-630.3402762652449,-345.5889057220897
717088.046276,-630.3402762652449,-345.5889057220897
717098.03691,-630.3402762652449,-345.5889057220897
717108.026961,-629.6487436338491,-334.8993998500015
717118.469146,-629.6487436338491,-334.8993998500015
717128.505888,-629.6487436338491,-334.8993998500015
717138.631632,-629.6487436338491,-334.8993998500015
717149.119543,-629.6487436338491,-334.8993998500015
717159.17453,-629.6487436338491,-334.8993998500015
717168.989191,-629.6487436338491,-334.8993998500015
717178.031352,-636.4099247319676,-359.44933710770584
717189.830707,-636.8178032342702,-389.5253307672123
717198.425765,-641.6261469177273,-396.2263281832988
717208.403332,-738.195899232099,-446.1265931084354
717218.030098,-782.7915570219182,-458.9918140952672
717228.032078,-816.6892428790528,-460.6957136786082
717238.716224,-812.3087918269464,-651.1871581002301
717248.014302,-749.359676942559,-845.799473174924
717258.033319,-704.1577559714001,-961.3167704537852
875746.320396,24.962460240307767,-888.7111088377848
875756.320498,-31.94472792832648,-946.8635210762048
876606.493943,-703.8137621112407,-551.57434940708
876616.450663,-703.8137621112407,-551.57434940708
876626.394782,-454.2993964945538,-483.6159678523152
876639.229446,-454.2993964945538,-483.6159678523152
876646.327403,-383.5981508164744,-457.0245612263902
876656.32641,-339.5804568280772,-442.6428577632353
876666.988072,-253.1050171593728,-410.36163273641824
876676.326851,-237.47581057376303,-405.2178194706004
876686.346098,-234.8840030992756,-403.4942120051318
876696.705861,-234.8840030992756,-403.4942120051318
876706.638357,-226.97320625048852,-408.8672982358755
876716.29642,-175.94567269124508,-400.5273121092107
876726.335861,-116.25355011656252,-373.0750605718749
876736.318024,-59.32253898830253,-337.68876825345814
876749.010681,70.22637420614639,-273.37504194381705
876756.327953,70.22637420614639,-273.37504194381705
876766.327391,70.22637420614639,-273.37504194381705
876776.338492,70.22637420614639,-273.37504194381705
877286.332185,85.61884582320515,-832.6011141334241
877296.296316,16.81324957669464,-892.1838530064783
877308.753459,-86.86993994941773,-985.5094198891722
877316.707596,-86.86993994941773,-985.5094198891722
881762.379119,-393.5259555164805,-463.4685073448935
881762.379845,-393.5259555164805,-463.4685073448935
881770.441244,-393.5259555164805,-463.4685073448935
881780.429044,-168.33011831137514,-364.8985161259947
881790.470147,-168.33011831137514,-364.8985161259947
881802.511038,-146.02599791442938,-339.99962170919645
881811.845503,-153.8924038925883,-346.8721810236669
881820.764533,-153.8924038925883,-346.8721810236669
881830.7975,-153.8924038925883,-346.8721810236669
881840.859494,-163.31580940158284,-341.5751763675182
881850.476797,-175.76356148644567,-354.6083676946777
881860.881335,-204.0402140203396,-375.544962027774
881870.643308,-387.5314135687256,-448.0640768422343
881880.465351,-382.9398561412263,-347.90755540626884
881890.808179,-370.8141631310679,-301.6339023868444
881900.466974,-370.8141631310679,-301.6339023868444
881910.468639,-370.8141631310679,-301.6339023868444
881920.468481,-370.8141631310679,-301.6339023868444
881930.46836,-370.8141631310679,-301.6339023868444
881940.468572,-370.8141631310679,-301.6339023868444
881950.467277,-370.8141631310679,-301.6339023868444
881960.471064,-13.827714701343856,-93.15991507979416
881970.472105,-4.440280906323066,-88.7905350120859
881981.153884,-4.440280906323066,-88.7905350120859
894816.121489,-362.7054829481153,-16.282240840769067
894818.465924,-367.3156542103802,-117.79937544998504
894828.465661,-364.2090711072824,-212.41434192162552
894838.460307,-404.3760836322865,-209.25849563004093
894848.515734,-519.7549235540993,-120.42629591698623
894861.522106,-542.9858795939344,-117.28286103614984
894868.491444,-542.0965474942064,-117.64633222409262
894878.869893,-542.0965474942064,-117.64633222409262
894889.661661,-542.0965474942064,-117.64633222409262
894899.53818,-542.0965474942064,-117.64633222409262
894908.459294,-533.0576648610447,-121.6543197217029
894919.784595,-533.0576648610447,-121.6543197217029
894928.879344,-533.0576648610447,-121.6543197217029
894938.468093,-533.0576648610447,-121.6543197217029
894948.73494,-536.4982051393321,-131.8581192661772
894958.460388,-536.4982051393321,-131.8581192661772
894968.433118,-541.4726870324176,-138.22866827792302
894978.433192,-541.4726870324176,-138.22866827792302
894988.846006,-541.4726870324176,-138.22866827792302
894999.547238,-541.4726870324176,-138.22866827792302
895009.674095,-541.4726870324176,-138.22866827792302
895018.856797,-541.4726870324176,-138.22866827792302
895028.876715,-547.5685281160808,-146.32345867922766
895038.473251,-547.5685281160808,-146.32345867922766
895048.469,-547.5685281160808,-146.32345867922766
895058.463099,-547.5685281160808,-146.32345867922766
895068.871201,-543.4984131283529,-139.20275331975495
895078.844824,-543.4984131283529,-139.20275331975495
895088.719265,-543.4984131283529,-139.20275331975495
895098.880516,-543.4984131283529,-139.20275331975495
895109.57392,-537.6227380850062,-130.93435315988395
895119.500364,-537.6227380850062,-130.93435315988395
895129.57808,-537.6227380850062,-130.93435315988395
895140.092768,-537.6227380850062,-130.93435315988395
895148.834185,-537.6227380850062,-130.93435315988395
895158.467079,-542.2239842955822,-124.64045691837195
895168.460765,-546.8969531982272,-122.78257134561495
895178.837497,-545.9656332779027,-122.72545592634316
895188.849809,-542.8451480129478,-120.39406068135392
895198.938825,-540.7336797236243,-119.72221008342882
895209.62415,-542.6556139555194,-118.39180749432543
895219.15296,-546.6887532251739,-118.60377721578116
895229.738049,-544.4823744205141,-120.95803373769463
895239.715971,-544.8953814427426,-119.58822237629238
895249.91172,-545.8833614127011,-119.24275740502152
895258.791825,-545.2707560446885,-122.87754424727557
895268.458359,-542.440178437551,-129.4618951574174
895278.468906,-542.9301397717317,-132.38371138452507
895288.802088,-541.3731028135826,-132.5615432222355
895298.477645,-541.767870036043,-136.18178310501213
895308.461077,-543.4222097074598,-139.39206309209908
895318.845786,-542.3496604940542,-134.61917136073407
895329.566404,-542.4784954214433,-132.68080647389274
895338.960598,-542.5949451184775,-134.95354658406356
895349.781999,-542.4943580824023,-137.18440614808063
895360.017379,-542.0283564792783,-137.55762269107177
895368.803893,-541.14210694914,-138.5862273430239
895378.817091,-540.6836462006073,-134.89725851396727
895388.803544,-542.0921092798967,-137.68869776774335
895398.466206,-543.4302983227145,-136.14654196684526
895410.02115,-543.2396060095117,-136.50571311290457
895419.156965,-543.6053962793519,-135.311758883633
895429.565193,-544.7489745359052,-132.10837861349853
895439.489027,-546.2470954606363,-127.36963121350168
895449.569326,-537.945295789247,-121.62230014235826
895458.45766,-537.3468999935208,-120.40089094253572
895468.459514,-532.6997578603882,-112.61158528286973
895478.824956,-535.1867992607941,-117.23351539866592
895488.804197,-537.2191177322368,-122.20222888919984
895498.823607,-537.5500449429585,-123.7389402016998
895508.80261,-538.4789335610234,-121.60300355389737
895518.436874,-539.6676821467961,-120.2496984009433
895529.564729,-541.9157802517755,-122.82921535785404
895539.633827,-542.9173391781247,-123.0793354686682
895548.85003,-540.4802717273387,-119.70904495079624
895559.586162,-540.234501189289,-119.56218973777764
895569.631141,-541.2706364754698,-122.32953206070816
895578.457867,-542.9622480811814,-123.88285354177845
895588.459055,-544.3381559172144,-124.59157606966538
895598.465677,-543.8297578261643,-126.59497109704056
895608.457635,-542.8686022656669,-128.59281912084828
895618.843301,-539.670725977096,-127.38920429293684
895628.840657,-533.2413159566166,-123.83406600480474
895639.022869,-530.4851441868549,-122.97561940944396
895649.361872,-534.2839909314911,-123.44529837519946
895659.52179,-535.8651096466751,-125.70250802825416
895672.925184,-538.0707741340665,-125.9393330518528
895678.458321,-539.4712603274702,-126.9505059137431
895688.458416,-542.238371957556,-132.66744380029948
895698.458844,-541.4804305696453,-133.52043218800117
895708.957539,-540.4578583590685,-129.63143107065167
895718.458507,-542.5606458250415,-130.6344877027431
895728.458437,-541.5145858912392,-131.00448932864984
895738.878109,-540.2312083369148,-132.49403727016167
895748.953815,-542.5804267350296,-134.72471611988712
895759.556571,-541.1068968206459,-134.20750078135433
895768.590913,-539.8795609635017,-129.47041944806472
895778.82108,-537.7810847656617,-125.29396224829924
895789.568959,-540.2599045228496,-126.51657626571388
895798.783538,-539.1177032677889,-123.66595363801235
895808.791682,-543.3145049709095,-124.83980708772788
895818.49425,-545.4857051013403,-125.01809244519268
895828.514106,-543.7161656555955,-121.77875902597036
895838.912652,-538.7895735122139,-122.4063968404164
895848.823627,-533.0770230982807,-121.76122779595433
895858.919894,-531.839740954451,-123.29161303346572
895869.58636,-530.9552418967095,-120.1662667434405
895879.49694,-530.5920940663204,-120.03047635792514
895888.518413,-530.4933527454829,-120.72335135969549
895898.934108,-529.1037450553139,-116.75739425076088
895908.823568,-538.1470020397392,-117.1881887588453
895918.470106,-543.4182657703865,-114.80304173915394
895928.468384,-545.6929054684173,-115.03809137690078
895938.433124,-547.633385888315,-115.77010686718316
895948.806351,-550.4200278881701,-113.5276477782714
895958.803992,-550.7712621055863,-114.0872078838454
895968.900618,-550.5453360254102,-116.78105365961676
895979.491556,-548.0895604265404,-121.41782203526228
895989.560948,-546.0905487448896,-122.21807568731168
895999.477921,-543.6657186860925,-115.7605931862086
896008.432507,-544.5007443523602,-117.67995426492612
896018.47692,-545.0881764001183,-119.24698343001457
896028.431386,-542.4706299245917,-119.11328704107493
896038.466463,-541.0059027768234,-118.03969358487942
896048.967111,-536.8768532114124,-117.46649054319388
896058.466456,-531.5683369949519,-112.25970197669052
896068.777841,-531.5171425030629,-107.90490295852346
896078.885413,-527.8715451415155,-103.52809334455178
896089.526542,-528.3400668097497,-104.55878028705963
896099.476205,-533.6129684204965,-106.19485410191704
896109.5575,-535.782261968239,-108.73501980904716
896119.646499,-547.5340150801061,-128.24353862781894
896129.713821,-547.4996455844248,-130.49725385735354
896139.105755,-550.734349893673,-143.63651911678986
896148.45763,-550.3748589859663,-143.54413980264545
896158.459026,-550.2295637048193,-149.1337061761012
896168.767163,-549.7341886037387,-150.7032483889195
896179.322739,-547.1469446651594,-147.33122962348295
896191.260662,-535.1607934803229,-131.49255274668664
896199.797,-533.6463557921921,-121.86468187087678
896209.541079,-534.4385360206505,-118.71243297729762
896219.471715,-538.9717486546151,-110.75027391941327
896229.559904,-539.4709234885121,-109.07931046156928
896239.882268,-535.2752240935387,-98.6896045835774
896248.792047,-534.3507092208762,-94.49683492971288
896258.802345,-536.2213319464125,-94.03602074522306
896268.467061,-543.0697975286474,-97.77480225111738
896278.819579,-545.0056088330869,-104.90649820613288
896288.843614,-546.0045453741486,-109.58311053325998
896298.898252,-542.9159094484033,-110.76849091587086
896309.816042,-540.9408250143226,-109.98917094283532
896319.530965,-538.613506557413,-112.32915208330007
896328.427993,-543.2185216603875,-113.28741286820934
896341.214683,-539.3898510160647,-113.46931465980272
896348.471094,-537.4749449419929,-110.6181042176776
896358.458189,-536.9808314043485,-108.54759332340618
896368.458295,-537.4636896241951,-110.85228690030516
896378.458269,-539.5540622222615,-116.76185111616051
896388.487934,-544.4819818248374,-118.3580000085837
896398.822268,-546.1719289664148,-120.99721197257917
896408.882025,-546.0430878576248,-120.93208615732335
896419.49806,-543.8346067323013,-115.04647204177604
896428.458289,-543.9887810637866,-113.80850358669304
896439.091753,-544.3314923605515,-111.54416637835486
896449.578429,-542.5730072923715,-108.57364391190026
896460.074398,-542.3276131955225,-113.68626219509616
896468.818324,-543.2854175252123,-116.24621159890144
896478.811518,-542.8767358595389,-122.45977798196688
896488.812078,-544.5610993585542,-122.39754653376012
896498.815625,-545.511445082993,-122.60236348545628
896508.8177,-545.511445082993,-122.60236348545628
896519.097908,-543.1916893935836,-120.58369406594504
896528.830392,-541.9693239624055,-120.0187736143072
896539.500838,-539.9573032463735,-117.8290739366072
896548.427267,-540.7826245957535,-118.3001042222456
896560.153383,-541.6380723750206,-119.22509000232418
896570.194337,-543.5610101043413,-119.763506695958
896578.806552,-553.0213769296452,-128.78875798458097
896588.819155,-554.5881134173706,-134.33773922353555
896598.806211,-553.5009699764846,-138.0382758589413
896608.779901,-551.2429503187785,-140.80777206741243
896618.807278,-550.2135563832802,-140.95844943227235
896628.905022,-550.6153360987124,-137.8500332831016
896639.486786,-556.6521791887686,-131.74277080824845
896651.335976,-556.4943059262953,-130.08943617661902
896658.436646,-554.7573503167667,-127.61787542640673
896670.42139,-549.2627660898767,-122.05683310001206
896678.469591,-549.4039234882583,-122.65050384125873
896688.49859,-549.9143878158413,-122.19890645315442
896698.468845,-548.6873622882532,-121.60234615523063
896708.466573,-547.781584612073,-124.7308586081618
896718.46758,-547.6507763843618,-128.81758439324807
896729.489759,-546.8215864028476,-129.78088740846405
896738.944344,-547.4519276684457,-132.38485380950584
896749.625814,-547.0104794647898,-127.58633757521062
896759.505983,-546.0116263349283,-130.9992865760543
896768.469639,-551.2738184881821,-130.6745268626594
896779.590508,-551.1732970990718,-128.5388187019224
896788.887731,-545.3569615835366,-118.90013037669787
896798.469739,-543.1834921439449,-114.37019179711118
896808.468762,-542.0839290725927,-113.67760130870398
896818.469657,-541.1348946695272,-115.6532481213751
896828.891908,-542.2290433599595,-112.78634943276116
896839.051637,-546.1532377444753,-120.59166778580536
896849.08196,-544.1007073846523,-123.81367319826252
896859.056616,-543.2050717743044,-125.45065493808522
896869.921506,-542.1601790321924,-126.672973969248
896879.642553,-541.6210855845196,-130.99330246807122
896888.466866,-543.451157288248,-133.82041833282767
896899.555588,-539.7425103666607,-121.97779417529568
896908.903028,-537.7440688892458,-120.36749069019378
896918.474472,-539.3351889590552,-124.0777292868631
896928.46715,-540.7234943966617,-127.05036059447347
896938.511294,-542.8849243308204,-133.09173396387547
896948.841796,-543.7390115203905,-132.73958022202328
896958.919222,-543.52370989345,-128.29497408624576
896968.842271,-542.9442853646032,-128.19411306384302
896979.554205,-542.9442853646032,-128.19411306384302
896988.823315,-542.9442853646032,-128.19411306384302
896998.468167,-542.9442853646032,-128.19411306384302
897010.172643,-542.9442853646032,-128.19411306384302
897018.490978,-532.6892076417494,-137.50966748017223
897028.510946,-532.1854501071642,-135.7479840950286
897038.468584,-532.4833221638391,-134.23310151836978
897048.829788,-533.0753299758305,-132.4324973988423
897058.828729,-542.7846409119832,-126.60090636745522
897068.879576,-545.8943000867741,-122.094438629273
897079.486551,-542.1444164596893,-117.7712322760948
897089.548872,-544.0301645373717,-118.6738973700285
897099.500891,-542.5992330134384,-120.63550273518626
897109.580845,-544.0476557773034,-123.29977334289224
897119.746315,-545.8263137372755,-126.62053380492414
897128.84063,-535.2068635264628,-132.5731001739624
897138.467542,-531.8978000593718,-131.2216394523711
897148.467486,-531.7988805906426,-130.319874200539
897158.837279,-532.2284620603847,-131.42765886065354
897168.823589,-532.4311991971985,-131.56716680554797
897178.924991,-538.4171065346774,-132.79221627332532
897189.595713,-542.8167436624453,-129.62051701267535
897199.526025,-544.9712785415553,-127.7629795735828
897209.594211,-544.2858237798267,-129.2163640118338
897219.455649,-542.3129297239793,-130.6918775111485
897229.865097,-545.8858584033595,-128.68849272813247
897238.809969,-548.1437868008163,-124.38965679616994
897248.571803,-546.6147466045925,-119.11523399027452
897258.5323,-545.7607733097956,-119.28862024254202
897269.062013,-547.8715677636181,-121.4262815705785
897278.808827,-552.5787574272267,-129.03230019690864
897288.918161,-554.7349927716875,-132.92734811355524
897299.469422,-555.5306138070032,-132.34233480202502
897309.582452,-552.8441819871649,-133.27784012546007
897319.627468,-554.89211106904,-132.58802946620986
897329.546294,-555.8128159203671,-132.26226124713617
897340.01312,-556.0650607148373,-133.13485061487256
897348.775345,-552.2724292999914,-132.22459831764158
897359.32631,-547.7928610792857,-124.44581018137062
897368.598756,-542.972072457886,-122.20288722190044
897378.699523,-541.209090348751,-104.93683413166931
897389.133652,-591.7323989593343,5.026462707280949
897443.735791,-709.5274070226743,-58.8400069239442
897448.471766,-709.5274070226743,-58.8400069239442
897458.469758,-709.5274070226743,-58.8400069239442
897468.46959,-709.5274070226743,-58.8400069239442
897478.468243,-709.5274070226743,-58.8400069239442
897488.893937,-709.5274070226743,-58.8400069239442
897498.630904,-709.5274070226743,-58.8400069239442
897508.901868,-709.5274070226743,-58.8400069239442
897518.470066,-709.5274070226743,-58.8400069239442
897529.752589,-709.5274070226743,-58.8400069239442
897538.930391,-709.5274070226743,-58.8400069239442
897549.732682,-709.5274070226743,-58.8400069239442
897560.470267,-709.5274070226743,-58.8400069239442
897568.951547,-709.5274070226743,-58.8400069239442
897578.937812,-709.5274070226743,-58.8400069239442
897588.943122,-709.5274070226743,-58.8400069239442
897598.925604,-709.5274070226743,-58.8400069239442
897608.939185,-709.5274070226743,-58.8400069239442
897619.124889,-709.5274070226743,-58.8400069239442
897628.467534,-709.5274070226743,-58.8400069239442
897639.601198,-709.5274070226743,-58.8400069239442
897649.703399,-709.5274070226743,-58.8400069239442
897659.580644,-709.5274070226743,-58.8400069239442
897668.864482,-709.5274070226743,-58.8400069239442
897678.874501,-715.0955859060588,-55.42249069894775
897688.873885,-715.0955859060588,-55.42249069894775
897698.888874,-715.0955859060588,-55.42249069894775
897708.842201,-715.0955859060588,-55.42249069894775
897718.469634,-715.0955859060588,-55.42249069894775
897728.830893,-715.0955859060588,-55.42249069894775
897739.540561,-725.9168850555369,-44.58587817093563
897748.468581,-724.2548753772056,-43.880185538295095
897758.869017,-727.9999893172817,-46.96916911557775
897769.646398,-729.8969092921934,-46.95737303819945
897778.88485,-731.2438086539324,-50.83386385833248
897788.883209,-733.304886509344,-49.43037599969105
897798.879155,-739.3212209861631,-48.73631467581505
897808.871104,-741.8267248049351,-48.74463686197189
897818.887286,-733.0792766498768,-43.74459366522119
897828.877747,-731.1008028025366,-43.36718632006101
897839.01414,-735.5054931423558,-46.164545707217314
897849.65933,-737.6025042799541,-47.36500461601419
897859.567139,-736.4574982443107,-50.09264183609746
897868.459292,-735.2169747658941,-47.81585953279227
897879.348874,-739.2921200410327,-48.71587884747698
897888.899472,-737.1978742652635,-51.2219612282599
897898.878376,-732.9452193041021,-48.10268096291605
897908.886192,-732.0890238203581,-47.247613458110855
897918.891341,-732.4885882657661,-47.31696960436192
897928.906297,-734.8488116555594,-49.227370321782
897938.902181,-733.7100043958469,-54.75121827071654
897948.982402,-733.3786816274741,-62.030194905440624
897959.583785,-735.0141174616617,-63.20735632171296
897969.66709,-738.4052186301269,-62.63132540722563
897979.619307,-740.9967213393312,-64.20310313472945
897988.468562,-740.3582526199488,-59.85671249615465
898000.869756,-734.4236724743174,-52.87856506384451
898008.885853,-731.1115879794476,-48.13417893119393
898018.858093,-734.6491758814603,-49.8477439994993
898028.869791,-738.077797815408,-53.96960081484684
898038.835005,-739.6014690732501,-54.49401832785235
898048.882229,-742.0078571380462,-54.16765985740642
898058.963036,-741.7093051310188,-55.01567251421755
898069.645961,-741.4039208119594,-55.72613834079473
898079.584532,-741.4814560978406,-56.4095167254548
898089.731569,-738.0168014239297,-53.4507052209178
898099.60639,-738.4896344345768,-53.01981344846149
898108.468415,-731.2196292562853,-46.56411621829362
898118.458235,-726.921851176498,-43.80345122600778
898128.469242,-722.0293098135779,-45.13959193476249
898138.477203,-727.5910716314992,-46.64201059398578
898148.883497,-736.1214370297243,-53.65773571559292
898169.044806,-742.4448258821039,-53.35417722920312
898169.045455,-742.4448258821039,-53.35417722920312
898169.909102,-742.4448258821039,-53.35417722920312
898169.910684,-742.4448258821039,-53.35417722920312
898172.758045,-742.4448258821039,-53.35417722920312
898183.178937,-745.9879453785117,-51.60490804723887
898193.9673,-746.5909057369486,-50.39200447705173
898203.904858,-746.8169020771508,-50.54242483413991
898213.250395,-749.2846891852365,-52.567619812554526
898223.266539,-749.2846891852365,-52.567619812554526
898233.249652,-749.2846891852365,-52.567619812554526
898243.353579,-755.5436036345294,-48.38327745729847
898252.779974,-755.5436036345294,-48.38327745729847
898263.186165,-754.4809760574796,-41.97082413506679
898273.261018,-758.2641897368526,-48.7527275843234
898283.871314,-758.2641897368526,-48.7527275843234
898293.935563,-743.1298100960239,-52.863486178350165
898303.838734,-734.1232637502077,-46.65632687403322
898313.962016,-729.4735401561813,-39.94620611586281
898323.192918,-730.1706523975564,-40.11481509404469
898333.147942,-733.6231502861801,-46.23327894158285
898343.181251,-740.3150583040451,-50.50103579539177
898353.157373,-741.6621472055924,-51.03844069702432
898363.267354,-739.6867713688811,-52.16463563597391
898372.827531,-724.4585127203044,-50.20354698552585
898383.187577,-728.8533997336069,-41.6913677076077
898394.294544,-730.5672729104067,-37.67075143436203
898403.785017,-753.28046533238,-35.95614474945739
898414.227598,-763.6065371350236,-86.8422275462982
898423.847968,-739.2125336194201,-134.27011656937094
898428.002791,-743.497140347747,-163.86308324066815
898433.158792,-768.1872788387028,-179.55963282286038
898443.90457,-846.6091259976304,-219.65918332083604
1221072.693097,-872.3160796349803,-240.4603595645361
1221082.571536,-872.3160796349803,-240.4603595645361
1221086.795191,-872.3160796349803,-240.4603595645361
1221093.733151,-841.0197946317766,-259.72353098720646
1221102.816803,-841.0197946317766,-259.72353098720646
1221108.298312,-775.4939086489799,-239.39724671430804
1221114.732612,-773.1122150935192,-227.5120263283937
1221121.733693,-773.1122150935192,-227.5120263283937
1221128.739833,-778.5927551393088,-224.13181339694108
1221135.699454,-790.2325400286632,-203.13837568745504
1221144.989992,-790.2325400286632,-203.13837568745504
1221150.160817,-791.5884060914992,-200.16086439003945
1221156.792105,-823.9239792491638,-223.21293008055835
1221165.509452,-854.9314780465564,-249.5118990379684
1221171.119018,-873.3874679280907,-267.758887373254
1225048.657401,7.829266922899661,-5.605242387132642
1225055.65822,10.882025400064135,-57.64151673426119
1225062.755321,55.40921100703356,-110.37407171847173
1225069.725587,131.725242641339,-150.63882103755253
1225391.675917,-8.486667249865187,-903.5804634856656
1225398.673081,-91.14753745141851,-981.3923847659514
1227640.976178,-794.1105509253906,-591.1624122646813
1227648.38384,-766.2371942247851,-584.2797221622304
1227655.534508,-716.7264041918386,-563.6575912035078
1227665.37896,-664.8987593820463,-550.6887706509517
1227669.312172,-654.4396478409195,-549.503868649552
1227676.330974,-654.4396478409195,-549.503868649552
1227683.364487,-654.4396478409195,-549.503868649552
1227690.288926,-454.9233742697309,-484.7766636303344
1227697.335886,-388.6347293119286,-458.5104187558306
1227703.970646,-379.9396494031308,-447.7139730972467
1227712.229692,-400.33934255672807,-413.3495118215882
1227718.394251,-400.33934255672807,-413.3495118215882
1227725.290074,-400.33934255672807,-413.3495118215882
1227731.938339,-444.17319479263466,-369.899170553012
1227738.967828,-449.7431229744769,-361.374519015608
1227745.940401,-449.7431229744769,-361.374519015608
1227752.968745,-505.1235078482953,-307.08142360418134
1227760.139615,-505.1235078482953,-307.08142360418134
1227766.939626,-585.794451458545,-235.9636743074344
1227773.966466,-609.3776265734804,-219.9125726260152
1227780.966367,-643.8923315152067,-174.95623472131302
1227791.465644,-669.1630287870224,-132.0683806051249
1227795.001614,-669.1630287870224,-132.0683806051249
1227801.9721,-669.1630287870224,-132.0683806051249
1227811.613391,-669.1630287870224,-132.0683806051249
1227816.593447,-669.1630287870224,-132.0683806051249
1227822.968734,-669.1630287870224,-132.0683806051249
1227830.006817,-669.1630287870224,-132.0683806051249
1227836.968769,-669.1630287870224,-132.0683806051249
1227844.421121,-669.1630287870224,-132.0683806051249
1227850.966506,-669.1630287870224,-132.0683806051249
1227857.96637,-669.1630287870224,-132.0683806051249
1227867.74625,-669.1630287870224,-132.0683806051249
1227871.972386,-669.1630287870224,-132.0683806051249
1227878.942088,-669.1630287870224,-132.0683806051249
1227885.972305,-669.1630287870224,-132.0683806051249
1227892.962041,-669.1630287870224,-132.0683806051249
1227899.96227,-669.1630287870224,-132.0683806051249
1227906.974671,-669.1630287870224,-132.0683806051249
1227914.009524,-669.1630287870224,-132.0683806051249
1227920.942562,-669.1630287870224,-132.0683806051249
1227931.646975,-669.1630287870224,-132.0683806051249
1227935.276416,-669.1630287870224,-132.0683806051249
1227941.973394,-669.1630287870224,-132.0683806051249
1227953.781929,-669.1630287870224,-132.0683806051249
1227956.170568,-669.1630287870224,-132.0683806051249
1228270.94466,-389.1329864741062,-458.7250071841509
1228277.97423,-389.1329864741062,-458.7250071841509
1228284.973312,-389.1329864741062,-458.7250071841509
1228291.964353,-389.1329864741062,-458.7250071841509
1228298.940553,-353.76717924123926,-444.770226029964
1228305.938812,-353.76717924123926,-444.770226029964
1228312.938913,-244.21789202901596,-404.5312794241281
1228313.833828,-244.21789202901596,-404.5312794241281
1228319.944857,-172.46827871039116,-374.2867086420046
1228326.97899,-112.1176775623516,-360.4758604122142
1228333.972199,-101.55607101391972,-338.8640505870735
1228340.98039,-101.55607101391972,-338.8640505870735
1228347.970305,-101.55607101391972,-338.8640505870735
1228354.97537,-101.55607101391972,-338.8640505870735
1228361.969988,-178.13133138415856,-216.07520014219935
1228370.468629,-182.73778973589395,-218.5189349325109
1228376.277923,-177.85282872438103,-223.2002181877757
1228382.944518,-177.85282872438103,-223.2002181877757
1228390.962785,-174.45787553026693,-233.12733117032548
1228396.989981,-174.45787553026693,-233.12733117032548
1228406.540168,-174.45787553026693,-233.12733117032548
1228411.34762,-122.94884443788052,-318.4335534395061
1228418.418719,-157.23971876521745,-356.6436230432799
1228425.385675,-162.73502615786424,-364.1170212076595
1228432.394309,-162.73502615786424,-364.1170212076595
1228438.975519,-162.73502615786424,-364.1170212076595
1228447.1525,-162.73502615786424,-364.1170212076595
1228452.976175,-162.73502615786424,-364.1170212076595
1228459.943717,-162.73502615786424,-364.1170212076595
1228469.018787,-162.73502615786424,-364.1170212076595
1228474.357566,-163.93099844930003,-382.515592336888
1228481.433948,-155.89140444095676,-400.8498644954034
1228488.416325,-121.70433344424872,-441.9783651990691
1228495.702056,-93.47994770627488,-473.0480698164442
1228502.37496,-85.04789021680837,-471.2941434554392
1228509.364298,-88.09447130806556,-471.46698839412943
1228516.384464,-91.8243674206894,-472.0369380802805
1228522.978835,-91.8243674206894,-472.0369380802805
1228529.980299,-91.8243674206894,-472.0369380802805
1228537.136805,-91.86773791810806,-479.7439926898013
1228543.976301,-109.6394177026181,-492.50037926211394
1228550.976199,-125.21671265992512,-498.1126871104409
1228557.976278,-148.73105083072386,-497.0881020461085
1228558.109054,-244.21789202901596,-404.5312794241281
1228564.976277,-148.73105083072386,-497.0881020461085
1228571.975575,-159.26096706258843,-492.4987194659553
1228581.661201,-159.26096706258843,-492.4987194659553
1228585.973933,-159.26096706258843,-492.4987194659553
1228592.991627,-159.26096706258843,-492.4987194659553
1228599.989104,-170.86376740590202,-483.927146385098
1228608.839128,-170.86376740590202,-483.927146385098
1228613.943345,-258.0654084474713,-501.474479181934
1228620.966799,-278.7181188062965,-505.2071165656892
1228628.033968,-302.3984611333101,-504.8989308058752
1228636.829384,-302.3984611333101,-504.8989308058752
1228641.974206,-325.515520557699,-466.6716804170077
1228648.976769,-325.515520557699,-466.6716804170077
1228658.220258,-325.515520557699,-466.6716804170077
1228663.292286,-325.515520557699,-466.6716804170077
1228670.271201,-325.515520557699,-466.6716804170077
1228677.284331,-325.515520557699,-466.6716804170077
1228684.278736,-190.3229062441996,-377.8985480826976
1228691.302031,-190.3229062441996,-377.8985480826976
1228698.406891,-176.11507618897653,-388.8891113299188
1228705.357298,-146.51059543067265,-382.95043718257006
1228712.330652,-98.07170344515568,-342.1828568180981
1228719.960666,-110.05608709049984,-311.339937551981
1228726.342788,-179.76464672075025,-170.69114224083282
1228733.34744,-179.76464672075025,-170.69114224083282
1228739.974087,-179.76464672075025,-170.69114224083282
1228747.133982,13.060170644088634,-35.98050081177168
1229544.130251,-244.21789202901596,-404.5312794241281
1242610.273433,-364.813051035428,-87.3755409448392
1242621.143295,-360.336901748433,-158.49910099959254
1242624.662559,-353.5411862445599,-228.47588635159644
1242632.377142,-353.5411862445599,-228.47588635159644
1242638.449487,-353.5411862445599,-228.47588635159644
1242645.24668,-510.8353267452792,-125.31092190532586
1242652.277899,-571.9299170615383,-83.4742955386272
1242659.274429,-596.5563095943235,-5.075850354581461
1242666.366344,-596.5563095943235,-5.075850354581461
1242708.810889,-746.7754696089797,-45.119021409872
1242715.275447,-775.0385761378915,-7.43799270602123
